index,element,x,y,z,coordination_number,is_interfacial
0,Sr,0.000000,0.000000,9.922171,8,0
1,Sr,3.905000,0.000000,9.922171,8,0
2,Sr,3.905000,3.905000,9.922171,8,0
3,Sr,3.905000,7.810000,9.922171,8,0
4,Sr,3.905000,11.715000,9.922171,8,0
5,Sr,3.905000,15.620000,9.922171,8,0
6,Sr,7.810000,0.000000,9.922171,8,0
7,Sr,7.810000,3.905000,9.922171,8,0
8,Sr,7.810000,7.810000,9.922171,8,0
9,Sr,7.810000,11.715000,9.922171,8,0
10,Sr,7.810000,15.620000,9.922171,8,0
11,Sr,11.715000,0.000000,9.922171,8,0
12,Sr,11.715000,3.905000,9.922171,8,0
13,Sr,11.715000,7.810000,9.922171,8,0
14,Sr,11.715000,11.715000,9.922171,8,0
15,Sr,11.715000,15.620000,9.922171,8,0
16,Sr,15.620000,0.000000,9.922171,8,0
17,Sr,15.620000,3.905000,9.922171,8,0
18,Sr,15.620000,7.810000,9.922171,8,0
19,Sr,15.620000,11.715000,9.922171,8,0
20,Sr,15.620000,15.620000,9.922171,8,0
21,Sr,19.525000,3.905000,9.922171,8,0
22,Sr,19.525000,7.810000,9.922171,8,0
23,Sr,19.525000,11.715000,9.922171,8,0
24,Sr,19.525000,15.620000,9.922171,8,0
25,Sr,0.000000,0.000000,13.827171,12,0
26,Sr,3.905000,0.000000,13.827171,12,0
27,Sr,3.905000,3.905000,13.827171,12,0
28,Sr,3.905000,7.810000,13.827171,12,0
29,Sr,3.905000,11.715000,13.827171,12,0
30,Sr,3.905000,15.620000,13.827171,12,0
31,Sr,7.810000,0.000000,13.827171,12,0
32,Sr,7.810000,3.905000,13.827171,12,0
33,Sr,7.810000,7.810000,13.827171,12,0
34,Sr,7.810000,11.715000,13.827171,12,0
35,Sr,7.810000,15.620000,13.827171,12,0
36,Sr,11.715000,0.000000,13.827171,12,0
37,Sr,11.715000,3.905000,13.827171,12,0
38,Sr,11.715000,7.810000,13.827171,12,0
39,Sr,11.715000,11.715000,13.827171,12,0
40,Sr,11.715000,15.620000,13.827171,12,0
41,Sr,15.620000,0.000000,13.827171,12,0
42,Sr,15.620000,3.905000,13.827171,12,0
43,Sr,15.620000,7.810000,13.827171,12,0
44,Sr,15.620000,11.715000,13.827171,12,0
45,Sr,15.620000,15.620000,13.827171,12,0
46,Sr,19.525000,3.905000,13.827171,12,0
47,Sr,19.525000,7.810000,13.827171,12,0
48,Sr,19.525000,11.715000,13.827171,12,0
49,Sr,19.525000,15.620000,13.827171,12,0
50,Sr,3.945382,19.504902,17.698320,12,0
51,Sr,7.900404,19.512152,17.735979,12,0
52,Sr,3.946921,3.825847,17.710160,12,0
53,Sr,3.936482,7.953757,17.683193,12,0
54,Sr,3.889026,11.820256,17.806115,12,0
55,Sr,3.853275,15.684005,17.872307,11,0
56,Sr,11.743972,19.514499,17.896036,12,0
57,Sr,7.729863,3.857906,17.732882,11,0
58,Sr,7.725265,7.840305,17.639378,11,0
59,Sr,7.729082,11.762068,17.680206,12,0
60,Sr,7.776924,15.639253,17.707558,12,0
61,Sr,15.556748,19.478804,17.871407,11,0
62,Sr,11.667252,3.824654,17.799313,11,0
63,Sr,11.755313,7.794002,17.668293,11,0
64,Sr,11.622182,11.759985,17.677023,11,0
65,Sr,11.657279,15.612801,17.795380,11,0
66,Sr,15.620071,0.052452,17.758903,11,0
67,Sr,15.617421,3.930622,17.803660,9,0
68,Sr,15.792476,7.827890,17.768176,9,0
69,Sr,15.660028,11.687677,17.859443,10,0
70,Sr,15.514373,15.542716,17.871783,11,0
71,Sr,19.571503,3.898589,17.717386,11,0
72,Sr,19.611712,7.871672,17.612207,10,0
73,Sr,19.655013,11.832984,17.820227,12,0
74,Sr,19.693082,15.675555,17.859171,10,0
75,Hf,15.377152,4.114496,35.673519,6,0
76,Hf,16.677401,10.625323,35.677443,6,0
77,Hf,17.977670,17.137481,35.670736,6,0
78,Hf,8.439257,1.947874,35.704373,6,0
79,Hf,9.739016,8.457351,35.713105,6,0
80,Hf,11.042291,14.967483,35.702750,6,0
81,Hf,5.392415,19.303838,35.710468,6,0
82,Hf,2.788475,6.285557,35.706863,6,0
83,Hf,4.090667,12.793237,35.706446,6,0
84,Hf,14.798122,1.095676,35.142293,7,0
85,Hf,16.101712,7.601705,35.150917,7,0
86,Hf,17.402985,14.112201,35.148741,7,0
87,Hf,11.767389,18.455095,35.162862,7,0
88,Hf,9.164104,5.439965,35.175079,7,0
89,Hf,10.465513,11.946732,35.165076,7,0
90,Hf,4.818080,16.287423,35.177091,7,0
91,Hf,2.213065,3.269043,35.172916,7,0
92,Hf,3.514792,9.777131,35.170635,7,0
93,Hf,12.916000,6.360986,35.138508,6,0
94,Hf,14.218200,12.871721,35.134883,6,0
95,Hf,15.522912,19.381200,35.126900,6,0
96,Hf,5.975989,4.193439,35.165742,6,0
97,Hf,7.276736,10.702054,35.163078,6,0
98,Hf,8.580181,17.210933,35.160112,6,0
99,Hf,18.551583,2.016193,35.143315,6,0
100,Hf,19.853534,8.524759,35.143952,6,0
101,Hf,21.154603,15.033916,35.146948,6,0
102,Hf,21.121717,18.371061,35.424873,6,0
103,Hf,18.520790,5.353151,35.422892,6,0
104,Hf,19.821630,11.861801,35.425292,6,0
105,Hf,14.188783,16.209162,35.416986,6,0
106,Hf,11.584490,3.189460,35.419733,6,0
107,Hf,12.886654,9.698099,35.421569,6,0
108,Hf,7.244638,14.041878,35.434454,6,0
109,Hf,4.641492,1.024664,35.437930,6,0
110,Hf,5.942536,7.534050,35.436450,6,0
111,Hf,17.051380,0.589026,32.536185,7,0
112,Hf,18.352393,7.092280,32.538273,7,0
113,Hf,19.655242,13.603662,32.541056,7,0
114,Hf,14.021959,17.957858,32.537494,7,0
115,Hf,11.419014,4.937179,32.544745,7,0
116,Hf,12.720209,11.446041,32.543600,7,0
117,Hf,7.080499,15.793111,32.563442,7,0
118,Hf,4.478960,2.780089,32.567581,7,0
119,Hf,5.779259,9.290758,32.561580,7,0
120,Hf,20.342104,16.984594,31.855736,7,0
121,Hf,17.738933,3.965012,31.846299,7,0
122,Hf,19.038960,10.474673,31.853521,7,0
123,Hf,13.408303,14.829786,31.847327,7,0
124,Hf,10.808747,1.814738,31.842800,7,0
125,Hf,12.108383,8.318311,31.855303,7,0
126,Hf,6.465645,12.661625,31.868379,7,0
127,Hf,7.770724,19.174168,31.874712,7,0
128,Hf,5.164480,6.155227,31.877758,7,0
129,Hf,14.597139,2.817510,32.104699,7,0
130,Hf,15.896426,9.325885,32.116642,7,0
131,Hf,17.198190,15.838188,32.110216,7,0
132,Hf,7.662124,0.667444,32.133824,7,0
133,Hf,8.965051,7.175280,32.145083,7,0
134,Hf,10.264652,13.684558,32.135409,7,0
135,Hf,4.613858,18.011825,32.145219,7,0
136,Hf,2.006899,4.992327,32.138636,7,0
137,Hf,3.313138,11.501131,32.135731,7,0
138,Hf,3.333492,14.781502,32.335230,7,0
139,Hf,0.729302,1.767843,32.328099,7,0
140,Hf,2.030118,8.273969,32.327439,7,0
141,Hf,15.915511,12.611325,32.306781,7,0
142,Hf,17.215820,19.121236,32.288432,7,0
143,Hf,14.614474,6.099408,32.310975,7,0
144,Hf,8.978694,10.453155,32.339588,7,0
145,Hf,10.280365,16.962922,32.332019,7,0
146,Hf,7.678681,3.943520,32.340277,7,0
147,Hf,22.658313,16.538924,29.437242,7,0
148,Hf,20.048923,3.516176,29.413256,7,0
149,Hf,21.342226,10.020028,29.425653,7,0
150,Hf,15.713283,14.379257,29.404078,7,0
151,Hf,13.117443,1.351519,29.380967,7,0
152,Hf,14.415423,7.857688,29.408362,7,0
153,Hf,8.780778,12.221840,29.434114,7,0
154,Hf,10.086350,18.726159,29.427129,7,0
155,Hf,7.488726,5.712189,29.453387,7,0
156,Hf,22.017064,13.415834,28.759993,7,0
157,Hf,19.409442,0.398316,28.757276,7,0
158,Hf,20.703274,6.898470,28.748564,7,0
159,Hf,15.076324,11.254339,28.737441,7,0
160,Hf,16.397861,17.767763,28.694276,7,0
161,Hf,13.788105,4.750675,28.726330,7,0
162,Hf,8.162547,9.113300,28.767283,7,0
163,Hf,9.452439,15.618459,28.755127,7,0
164,Hf,6.860840,2.599533,28.763478,7,0
165,Hf,20.180240,18.752011,28.973551,7,0
166,Hf,17.585114,5.738499,28.967216,7,0
167,Hf,18.863962,12.249486,28.978340,7,0
168,Hf,13.264607,16.618978,28.969730,7,0
169,Hf,10.650120,3.597741,28.978464,7,0
170,Hf,11.941914,10.096427,28.984698,7,0
171,Hf,6.299415,14.433591,29.013472,7,0
172,Hf,3.700907,1.425225,29.021782,7,0
173,Hf,4.991681,7.934721,29.023809,7,0
174,Hf,4.977418,11.199755,29.158091,7,0
175,Hf,6.283513,17.708927,29.189546,7,0
176,Hf,3.680732,4.698026,29.187434,7,0
177,Hf,17.547148,9.016499,29.141800,7,0
178,Hf,18.855940,15.539804,29.141455,7,0
179,Hf,16.252832,2.507108,29.121410,7,0
180,Hf,10.624025,6.873478,29.153093,7,0
181,Hf,11.925608,13.381305,29.150856,7,0
182,Hf,9.326462,0.367341,29.141105,7,0
183,Hf,4.815105,12.953037,26.295610,7,0
184,Hf,6.108539,19.481667,26.344577,7,0
185,Hf,3.510490,6.475857,26.328171,7,0
186,Hf,17.366119,10.741711,26.261341,7,0
187,Hf,18.687818,17.299141,26.212060,7,0
188,Hf,16.091043,4.265578,26.257845,7,0
189,Hf,10.479047,8.616682,26.248684,7,0
190,Hf,11.760072,15.174432,26.270121,7,0
191,Hf,9.192845,2.150126,26.267731,7,0
192,Hf,4.179500,9.828900,25.588258,7,0
193,Hf,5.521884,16.333143,25.640543,7,0
194,Hf,2.882206,3.329873,25.669711,7,0
195,Hf,16.762902,7.645251,25.542366,7,0
196,Hf,18.062077,14.193341,25.619542,7,0
197,Hf,15.475873,1.103580,25.533783,7,0
198,Hf,9.853791,5.567259,25.567534,7,0
199,Hf,11.160428,12.042037,25.604095,7,0
200,Hf,12.453307,18.581690,25.587322,7,0
201,Hf,21.862235,15.163578,25.896411,7,0
202,Hf,19.198753,2.145725,25.844458,7,0
203,Hf,20.542130,8.664126,25.862920,7,0
204,Hf,14.878078,13.037515,25.856864,7,0
205,Hf,12.388115,0.037096,25.781127,7,0
206,Hf,13.649207,6.494851,25.829663,7,0
207,Hf,7.977365,10.869375,25.868340,7,0
208,Hf,9.257227,17.375433,25.859932,7,0
209,Hf,6.693013,4.361477,25.907906,7,0
210,Hf,6.685072,7.638438,26.121193,7,0
211,Hf,7.990918,14.138865,26.056309,7,0
212,Hf,5.376048,1.118151,26.063163,7,0
213,Hf,19.243173,5.423029,25.946182,7,0
214,Hf,20.535125,11.916849,26.031741,7,0
215,Hf,21.847925,18.424235,25.995266,7,0
216,Hf,12.292362,3.284213,25.986787,7,0
217,Hf,13.598122,9.767776,25.990598,7,0
218,Hf,14.918848,16.316875,25.933456,7,0
219,Hf,6.511012,9.347786,23.129595,7,0
220,Hf,7.810253,15.874801,23.040102,7,0
221,Hf,5.249526,2.926468,23.198785,7,1
222,Hf,19.073274,7.215454,23.099204,7,1
223,Hf,20.398190,13.648832,23.212820,7,1
224,Hf,17.784369,0.534942,23.031638,7,1
225,Hf,12.153122,5.054898,23.157696,7,0
226,Hf,13.480343,11.565240,23.124503,7,1
227,Hf,14.817437,18.208483,23.129877,7,1
228,Hf,5.888536,6.317850,22.648443,6,0
229,Hf,7.275190,12.828141,22.498192,6,0
230,Hf,8.515901,19.350915,22.469257,6,1
231,Hf,18.506286,4.037994,22.231836,7,1
232,Hf,19.728675,10.583206,22.308354,7,1
233,Hf,21.055939,16.887372,22.423192,7,1
234,Hf,11.560441,2.093535,22.256066,7,1
235,Hf,12.880238,8.374121,22.396698,7,1
236,Hf,14.202134,15.093517,22.259213,7,1
237,Hf,4.073558,11.560894,22.667144,6,1
238,Hf,5.333058,18.090383,22.817184,6,0
239,Hf,2.771404,5.045855,22.812015,6,0
240,Hf,16.542174,9.383946,22.614077,7,1
241,Hf,17.905130,15.831859,22.581689,7,1
242,Hf,15.383099,2.906240,22.726532,6,1
243,Hf,9.666038,7.307490,22.496856,7,1
244,Hf,11.086815,13.805576,22.668872,6,1
245,Hf,8.334907,0.750684,22.659494,6,1
246,Hf,8.409223,4.094867,22.987783,6,1
247,Hf,9.704901,10.624705,23.019619,6,0
248,Hf,11.012377,17.093057,23.000342,6,0
249,Hf,1.406540,1.917610,23.069201,6,0
250,Hf,2.693569,8.351978,22.935485,6,1
251,Hf,4.090793,14.900269,23.001289,6,1
252,Hf,17.920208,19.213145,22.537055,6,1
253,Hf,15.304343,6.171661,22.829372,7,1
254,Hf,16.584196,12.718731,23.085769,6,0
255,Ti,1.952500,1.952500,11.874671,6,0
256,Ti,5.857500,1.952500,11.874671,6,0
257,Ti,5.857500,5.857500,11.874671,6,0
258,Ti,5.857500,9.762500,11.874671,6,0
259,Ti,5.857500,13.667500,11.874671,6,0
260,Ti,5.857500,17.572500,11.874671,6,0
261,Ti,9.762500,1.952500,11.874671,6,0
262,Ti,9.762500,5.857500,11.874671,6,0
263,Ti,9.762500,9.762500,11.874671,6,0
264,Ti,9.762500,13.667500,11.874671,6,0
265,Ti,9.762500,17.572500,11.874671,6,0
266,Ti,13.667500,1.952500,11.874671,6,0
267,Ti,13.667500,5.857500,11.874671,6,0
268,Ti,13.667500,9.762500,11.874671,6,0
269,Ti,13.667500,13.667500,11.874671,6,0
270,Ti,13.667500,17.572500,11.874671,6,0
271,Ti,17.572500,1.952500,11.874671,6,0
272,Ti,17.572500,5.857500,11.874671,6,0
273,Ti,17.572500,9.762500,11.874671,6,0
274,Ti,17.572500,13.667500,11.874671,6,0
275,Ti,17.572500,17.572500,11.874671,6,0
276,Ti,1.952500,5.857500,11.874671,6,0
277,Ti,1.952500,9.762500,11.874671,6,0
278,Ti,21.477500,13.667500,11.874671,6,0
279,Ti,21.477500,17.572500,11.874671,6,0
280,Ti,1.969315,1.944252,15.718094,6,0
281,Ti,5.898338,1.948036,15.815627,6,0
282,Ti,5.846829,5.858039,15.705759,6,0
283,Ti,5.877518,9.818658,15.775229,6,0
284,Ti,5.784509,13.701732,15.741522,6,0
285,Ti,5.838331,17.582235,15.724649,6,0
286,Ti,9.762736,1.905192,15.793715,6,0
287,Ti,9.768428,5.854373,15.763925,6,0
288,Ti,9.759285,9.743016,15.727879,6,0
289,Ti,9.737704,13.698537,15.746040,6,0
290,Ti,9.779627,17.598369,15.719950,6,0
291,Ti,13.655043,1.894722,15.819634,6,0
292,Ti,13.712515,5.862693,15.753307,6,0
293,Ti,13.721904,9.758894,15.857068,6,0
294,Ti,13.648081,13.675514,15.800966,6,0
295,Ti,13.654990,17.514204,15.847853,6,0
296,Ti,17.601179,1.989133,15.817800,6,0
297,Ti,17.593768,5.826136,15.838247,6,0
298,Ti,17.607600,9.797673,15.786324,6,0
299,Ti,17.597858,13.703292,15.785850,6,0
300,Ti,17.546168,17.536034,15.818476,6,0
301,Ti,2.018078,5.887815,15.718066,6,0
302,Ti,1.970206,9.827400,15.780495,6,0
303,Ti,21.483432,13.731186,15.831533,6,0
304,Ti,21.456103,17.572930,15.821791,6,0
305,Ti,2.004869,1.899699,19.490997,5,0
306,Ti,5.776027,1.997480,19.813226,6,1
307,Ti,5.858824,5.993869,19.385290,5,0
308,Ti,5.892972,9.926101,19.671771,5,0
309,Ti,5.718924,13.820248,19.591303,5,0
310,Ti,6.000263,17.619669,19.505008,5,0
311,Ti,9.638981,2.050611,19.759470,6,1
312,Ti,9.656047,5.853850,19.511787,5,1
313,Ti,9.619643,9.821129,19.530870,4,0
314,Ti,9.541572,13.734893,19.546931,5,0
315,Ti,9.848873,17.582554,19.506916,5,0
316,Ti,13.740838,2.143202,19.795382,5,1
317,Ti,13.444877,5.920475,19.725297,5,1
318,Ti,13.304958,9.806360,19.733086,5,1
319,Ti,13.338275,13.466812,19.721783,5,1
320,Ti,13.810391,17.631630,19.797890,5,1
321,Ti,17.720101,2.000677,19.736244,6,1
322,Ti,18.097871,5.967204,19.725578,5,1
323,Ti,17.839837,9.739255,19.748795,5,1
324,Ti,17.572380,13.643568,19.583472,5,1
325,Ti,17.727825,17.513560,19.686875,5,1
326,Ti,2.182907,5.811215,19.466431,5,0
327,Ti,2.113955,9.665858,19.757038,6,1
328,Ti,21.330121,13.285437,20.239868,5,1
329,Ti,21.635652,17.882733,19.744577,6,1
330,O,19.525000,1.952500,11.874671,6,0
331,O,3.905000,1.952500,11.874671,6,0
332,O,3.905000,5.857500,11.874671,6,0
333,O,3.905000,9.762500,11.874671,6,0
334,O,3.905000,13.667500,11.874671,6,0
335,O,3.905000,17.572500,11.874671,6,0
336,O,7.810000,1.952500,11.874671,6,0
337,O,7.810000,5.857500,11.874671,6,0
338,O,7.810000,9.762500,11.874671,6,0
339,O,7.810000,13.667500,11.874671,6,0
340,O,7.810000,17.572500,11.874671,6,0
341,O,11.715000,1.952500,11.874671,6,0
342,O,11.715000,5.857500,11.874671,6,0
343,O,11.715000,9.762500,11.874671,6,0
344,O,11.715000,13.667500,11.874671,6,0
345,O,11.715000,17.572500,11.874671,6,0
346,O,15.620000,1.952500,11.874671,6,0
347,O,15.620000,5.857500,11.874671,6,0
348,O,15.620000,9.762500,11.874671,6,0
349,O,15.620000,13.667500,11.874671,6,0
350,O,15.620000,17.572500,11.874671,6,0
351,O,19.525000,5.857500,11.874671,6,0
352,O,19.525000,9.762500,11.874671,6,0
353,O,19.525000,13.667500,11.874671,6,0
354,O,19.525000,17.572500,11.874671,6,0
355,O,1.952500,1.952500,9.922171,5,0
356,O,5.857500,1.952500,9.922171,5,0
357,O,5.857500,5.857500,9.922171,5,0
358,O,5.857500,9.762500,9.922171,5,0
359,O,5.857500,13.667500,9.922171,5,0
360,O,5.857500,17.572500,9.922171,5,0
361,O,9.762500,1.952500,9.922171,5,0
362,O,9.762500,5.857500,9.922171,5,0
363,O,9.762500,9.762500,9.922171,5,0
364,O,9.762500,13.667500,9.922171,5,0
365,O,9.762500,17.572500,9.922171,5,0
366,O,13.667500,1.952500,9.922171,5,0
367,O,13.667500,5.857500,9.922171,5,0
368,O,13.667500,9.762500,9.922171,5,0
369,O,13.667500,13.667500,9.922171,5,0
370,O,13.667500,17.572500,9.922171,5,0
371,O,17.572500,1.952500,9.922171,5,0
372,O,17.572500,5.857500,9.922171,5,0
373,O,17.572500,9.762500,9.922171,5,0
374,O,17.572500,13.667500,9.922171,5,0
375,O,17.572500,17.572500,9.922171,5,0
376,O,1.952500,5.857500,9.922171,5,0
377,O,1.952500,9.762500,9.922171,5,0
378,O,21.477500,13.667500,9.922171,5,0
379,O,21.477500,17.572500,9.922171,5,0
380,O,1.952500,0.000000,11.874671,6,0
381,O,5.857500,0.000000,11.874671,6,0
382,O,5.857500,3.905000,11.874671,6,0
383,O,5.857500,7.810000,11.874671,6,0
384,O,5.857500,11.715000,11.874671,6,0
385,O,5.857500,15.620000,11.874671,6,0
386,O,9.762500,0.000000,11.874671,6,0
387,O,9.762500,3.905000,11.874671,6,0
388,O,9.762500,7.810000,11.874671,6,0
389,O,9.762500,11.715000,11.874671,6,0
390,O,9.762500,15.620000,11.874671,6,0
391,O,13.667500,0.000000,11.874671,6,0
392,O,13.667500,3.905000,11.874671,6,0
393,O,13.667500,7.810000,11.874671,6,0
394,O,13.667500,11.715000,11.874671,6,0
395,O,13.667500,15.620000,11.874671,6,0
396,O,17.572500,0.000000,11.874671,6,0
397,O,17.572500,3.905000,11.874671,6,0
398,O,17.572500,7.810000,11.874671,6,0
399,O,17.572500,11.715000,11.874671,6,0
400,O,17.572500,15.620000,11.874671,6,0
401,O,1.952500,3.905000,11.874671,6,0
402,O,1.952500,7.810000,11.874671,6,0
403,O,21.477500,11.715000,11.874671,6,0
404,O,21.477500,15.620000,11.874671,6,0
405,O,19.509799,1.961982,15.732404,6,0
406,O,3.892546,1.958358,15.840234,6,0
407,O,3.908308,5.847180,15.564338,6,0
408,O,3.902571,9.771530,15.819578,6,0
409,O,3.926596,13.620489,15.630766,6,0
410,O,3.929054,17.635845,15.746574,6,0
411,O,7.842470,1.952993,15.749164,6,0
412,O,7.786620,5.861499,15.807056,6,0
413,O,7.795122,9.745346,15.691344,6,0
414,O,7.810159,13.668095,15.817276,6,0
415,O,7.835052,17.562181,15.757718,6,0
416,O,11.699053,2.011848,15.771171,6,0
417,O,11.737983,5.850227,15.880344,6,0
418,O,11.714581,9.765025,15.894695,6,0
419,O,11.713491,13.606170,15.702646,6,0
420,O,11.719264,17.572801,15.695208,6,0
421,O,15.582977,2.008597,15.884235,6,0
422,O,15.607745,5.867058,15.750804,6,0
423,O,15.649679,9.756532,15.764930,6,0
424,O,15.617212,13.650285,15.888728,6,0
425,O,15.601190,17.578407,15.811522,6,0
426,O,19.543308,5.865953,15.893620,6,0
427,O,19.519240,9.760092,15.755930,6,0
428,O,19.532208,13.668176,15.766633,6,0
429,O,19.529588,17.629191,15.808789,6,0
430,O,1.952500,1.952500,13.827171,6,0
431,O,5.857500,1.952500,13.827171,6,0
432,O,5.857500,5.857500,13.827171,6,0
433,O,5.857500,9.762500,13.827171,6,0
434,O,5.857500,13.667500,13.827171,6,0
435,O,5.857500,17.572500,13.827171,6,0
436,O,9.762500,1.952500,13.827171,6,0
437,O,9.762500,5.857500,13.827171,6,0
438,O,9.762500,9.762500,13.827171,6,0
439,O,9.762500,13.667500,13.827171,6,0
440,O,9.762500,17.572500,13.827171,6,0
441,O,13.667500,1.952500,13.827171,6,0
442,O,13.667500,5.857500,13.827171,6,0
443,O,13.667500,9.762500,13.827171,6,0
444,O,13.667500,13.667500,13.827171,6,0
445,O,13.667500,17.572500,13.827171,6,0
446,O,17.572500,1.952500,13.827171,6,0
447,O,17.572500,5.857500,13.827171,6,0
448,O,17.572500,9.762500,13.827171,6,0
449,O,17.572500,13.667500,13.827171,6,0
450,O,17.572500,17.572500,13.827171,6,0
451,O,1.952500,5.857500,13.827171,6,0
452,O,1.952500,9.762500,13.827171,6,0
453,O,21.477500,13.667500,13.827171,6,0
454,O,21.477500,17.572500,13.827171,6,0
455,O,1.973346,0.018482,15.706988,6,0
456,O,9.746103,19.517275,15.747133,6,0
457,O,5.865326,3.879261,15.703822,6,0
458,O,5.832822,7.803094,15.821793,6,0
459,O,5.872775,11.727398,15.749507,6,0
460,O,5.842593,15.631118,15.756027,6,0
461,O,9.769216,0.004048,15.885401,6,0
462,O,9.740572,3.941268,15.874602,6,0
463,O,9.773222,7.811367,15.629873,6,0
464,O,9.730345,11.669274,15.819343,6,0
465,O,9.773687,15.602954,15.754841,6,0
466,O,13.638722,0.017454,15.753339,6,0
467,O,13.661985,3.931711,15.965745,6,0
468,O,13.634554,7.797327,15.750161,6,0
469,O,13.674757,11.686671,15.886659,6,0
470,O,13.677418,15.581755,15.700141,6,0
471,O,17.561501,0.063583,15.892942,6,0
472,O,17.585860,3.938637,15.647859,6,0
473,O,17.578682,7.819363,15.868350,6,0
474,O,17.589783,11.739502,15.836225,6,0
475,O,17.568293,15.640521,15.695068,6,0
476,O,1.943249,3.908826,15.819441,6,0
477,O,1.957846,7.809881,15.733888,6,0
478,O,21.466068,11.701694,15.817468,6,0
479,O,21.492382,15.662632,15.695498,6,0
480,O,19.575513,1.965939,19.923976,4,0
481,O,3.853465,1.960343,19.339793,4,0
482,O,3.963126,5.862919,19.874019,4,0
483,O,3.996914,9.783343,19.620647,4,0
484,O,3.891739,13.747953,19.877055,4,0
485,O,3.973981,17.770091,19.550898,4,0
486,O,7.799976,1.695986,20.006937,3,0
487,O,7.712022,5.836335,19.301124,4,0
488,O,7.779705,9.682495,19.809492,4,0
489,O,7.739298,13.591931,19.340364,4,0
490,O,7.837446,17.509898,19.418394,4,0
491,O,11.549460,1.824769,20.117457,5,1
492,O,11.613661,5.851746,19.398872,4,0
493,O,11.576437,9.760415,19.290099,4,0
494,O,11.515292,13.550988,19.806054,4,0
495,O,11.680891,17.379091,19.748793,4,0
496,O,15.544856,2.084968,19.677748,4,0
497,O,14.884294,5.911848,20.881603,2,1
498,O,16.264033,9.812504,20.542713,2,1
499,O,15.805416,13.584143,19.489170,3,0
500,O,15.622821,17.507510,19.422826,4,0
501,O,19.759189,5.950296,19.147514,4,0
502,O,19.726082,10.024754,20.201215,4,1
503,O,19.801898,13.853200,19.480411,4,0
504,O,19.535768,17.707170,19.403336,4,0
505,O,1.742940,1.892686,17.705364,6,0
506,O,5.997852,1.894893,17.724610,6,0
507,O,5.607235,5.662401,17.623175,6,0
508,O,5.962542,9.882660,17.725323,6,0
509,O,5.657763,13.734078,17.716876,6,0
510,O,5.889621,17.638510,17.665990,6,0
511,O,9.741315,1.950501,17.848828,6,0
512,O,9.714738,6.176972,17.707961,6,0
513,O,9.556925,9.497759,17.732622,6,0
514,O,9.846375,13.661723,17.704623,6,0
515,O,9.884935,17.525397,17.673770,6,0
516,O,13.489187,1.692716,17.912220,5,0
517,O,13.960144,6.124848,17.976835,5,0
518,O,13.905622,9.556973,17.830211,5,0
519,O,13.462853,13.794727,17.801075,6,0
520,O,13.560860,17.313640,17.746901,6,0
521,O,17.626372,2.344608,17.783188,6,0
522,O,17.410385,5.714990,17.789656,5,0
523,O,17.629558,9.824327,17.842148,6,0
524,O,17.711450,13.978822,17.758280,5,0
525,O,17.564207,17.569788,17.757424,6,0
526,O,2.347160,5.989609,17.675922,5,0
527,O,21.399309,9.689571,17.799333,6,0
528,O,21.670990,13.807144,17.630507,5,0
529,O,21.576656,17.457666,17.729690,6,0
530,O,2.038340,0.018346,19.659230,4,0
531,O,9.647415,19.400601,19.599633,4,0
532,O,5.913882,3.774034,19.669444,4,0
533,O,5.822844,7.764019,19.198486,4,0
534,O,5.870987,11.770977,19.541427,4,0
535,O,5.788012,15.685988,19.548032,4,0
536,O,13.636013,19.386937,19.543884,4,0
537,O,9.606621,3.928329,19.537734,4,0
538,O,9.618289,7.489776,20.405844,2,1
539,O,9.643222,11.579944,19.469078,4,0
540,O,9.669411,15.542997,19.603789,4,0
541,O,17.603751,19.195993,20.547799,2,1
542,O,13.595044,3.910509,19.477128,4,0
543,O,13.310345,7.949678,20.204579,4,1
544,O,13.716864,11.655900,19.413419,4,0
545,O,13.885728,15.160497,20.204165,3,1
546,O,17.599208,0.258833,19.219727,4,0
547,O,17.886019,4.065170,20.066628,4,1
548,O,17.757469,7.802892,19.466842,4,0
549,O,17.816298,11.847184,19.534538,4,0
550,O,17.738273,15.758045,20.329259,3,1
551,O,2.015050,3.963652,19.477853,4,0
552,O,2.044017,7.863363,19.865305,4,0
553,O,21.599028,11.726440,19.476579,4,0
554,O,21.489455,16.245828,20.532700,2,1
555,O,17.387160,3.572327,35.687489,3,0
556,O,18.688675,10.081783,35.688374,3,0
557,O,19.989774,16.590799,35.688216,3,0
558,O,10.445863,1.404798,35.685587,3,0
559,O,11.746954,7.914087,35.689986,3,0
560,O,13.050701,14.426961,35.685950,3,0
561,O,7.406215,18.758607,35.695471,3,0
562,O,4.802784,5.743173,35.695771,3,0
563,O,6.104595,12.251221,35.695386,3,0
564,O,12.839128,1.557429,35.425548,3,0
565,O,14.140633,8.066352,35.427641,3,0
566,O,15.442507,14.576891,35.425873,3,0
567,O,9.803626,18.919200,35.431465,3,0
568,O,7.199841,5.902923,35.433761,3,0
569,O,8.501929,12.412293,35.431404,3,0
570,O,22.380954,16.737652,35.433419,3,0
571,O,19.777760,3.719468,35.433473,3,0
572,O,21.079302,10.228829,35.433137,3,0
573,O,15.054393,2.984311,34.074153,3,0
574,O,16.356664,9.493729,34.080233,3,0
575,O,17.656116,16.003185,34.074286,3,0
576,O,8.107071,0.827416,34.103223,3,0
577,O,9.405004,7.334234,34.116300,3,0
578,O,10.710672,13.846301,34.102400,3,0
579,O,5.061662,18.168180,34.118658,3,0
580,O,2.457498,5.150848,34.114815,3,0
581,O,3.759829,11.659633,34.112807,3,0
582,O,15.132284,2.394844,36.549491,2,0
583,O,16.434252,8.905503,36.553935,2,0
584,O,17.735238,15.417244,36.549771,2,0
585,O,8.198062,0.218331,36.573365,2,0
586,O,9.498946,6.729288,36.588698,2,0
587,O,10.803244,13.238860,36.572810,2,0
588,O,5.150667,17.578941,36.591300,2,0
589,O,2.547228,4.561441,36.586846,2,0
590,O,3.848965,11.069424,36.584794,2,0
591,O,14.793711,5.839538,34.428304,4,0
592,O,16.095060,12.350041,34.424292,4,0
593,O,17.397242,18.858380,34.403579,4,0
594,O,7.850740,3.657106,34.446981,4,0
595,O,9.151271,10.167124,34.446398,4,0
596,O,10.455344,16.676034,34.440932,4,0
597,O,0.909600,1.493190,34.441370,4,0
598,O,2.211421,8.002428,34.440316,4,0
599,O,3.512241,14.510327,34.442368,4,0
600,O,19.274812,18.889865,36.141345,3,0
601,O,16.680080,5.871709,36.146045,3,0
602,O,17.979541,12.381745,36.146011,3,0
603,O,12.351011,16.728801,36.151575,3,0
604,O,9.746724,3.709631,36.155254,3,0
605,O,11.047404,10.219746,36.153977,3,0
606,O,5.405910,14.560738,36.157140,3,0
607,O,2.801599,1.543046,36.157948,3,0
608,O,4.103961,8.053159,36.156553,3,0
609,O,16.899491,0.856693,34.637702,4,0
610,O,18.202475,7.365228,34.639543,4,0
611,O,19.503389,13.874057,34.640518,4,0
612,O,13.862950,18.229307,34.634844,4,0
613,O,11.256078,5.211890,34.641888,4,0
614,O,12.559472,11.721558,34.639959,4,0
615,O,6.923933,16.067600,34.651304,4,0
616,O,4.320338,3.050046,34.653794,4,0
617,O,5.622540,9.559428,34.650945,4,0
618,O,13.241621,4.506224,36.028742,3,0
619,O,14.544186,11.019380,36.029571,3,0
620,O,15.849792,17.536498,36.027269,3,0
621,O,6.298598,2.347358,36.073905,3,0
622,O,7.599625,8.857574,36.074929,3,0
623,O,8.903270,15.365782,36.069333,3,0
624,O,18.881509,0.185740,36.065612,3,0
625,O,20.184718,6.694385,36.064535,3,0
626,O,21.485591,13.202896,36.066729,3,0
627,O,18.991384,0.046899,32.428988,3,0
628,O,20.293010,6.555133,32.428973,3,0
629,O,21.594488,13.061669,32.428444,3,0
630,O,15.953177,17.402812,32.414441,3,0
631,O,13.349801,4.378126,32.422555,3,0
632,O,14.651365,10.890281,32.423041,3,0
633,O,9.013581,15.242422,32.424086,3,0
634,O,6.409846,2.223144,32.427408,3,0
635,O,7.710250,8.733195,32.427130,3,0
636,O,18.435569,17.562871,31.965924,3,0
637,O,15.833101,4.543982,31.970847,3,0
638,O,17.134350,11.054360,31.971129,3,0
639,O,11.498990,15.407813,31.979512,3,0
640,O,8.896076,2.387270,31.981323,3,0
641,O,10.199169,8.896239,32.014216,3,0
642,O,4.555669,13.219284,32.013256,3,0
643,O,1.953576,0.203545,32.014116,3,0
644,O,3.253535,6.711608,32.011042,3,0
645,O,20.595750,18.873631,30.982002,3,0
646,O,17.990863,5.857029,30.980113,3,0
647,O,19.294224,12.370091,30.979357,3,0
648,O,13.650451,16.729842,30.970918,3,0
649,O,11.048640,3.709243,30.982875,3,0
650,O,12.346008,10.216236,30.985103,3,0
651,O,6.708244,14.560630,30.997414,3,0
652,O,4.107413,1.547650,31.001953,3,0
653,O,5.404831,8.056185,30.999910,3,0
654,O,20.779840,18.168991,33.472617,3,0
655,O,18.177248,5.150900,33.470906,3,0
656,O,19.478434,11.661478,33.471875,3,0
657,O,13.842845,16.015901,33.465287,3,0
658,O,11.239590,2.996322,33.468413,3,0
659,O,12.542603,9.507059,33.471813,3,0
660,O,6.903511,13.858372,33.479609,3,0
661,O,4.300942,0.842397,33.482490,3,0
662,O,5.601467,7.352047,33.481398,3,0
663,O,16.507376,2.217207,31.322163,4,0
664,O,17.805510,8.725622,31.328626,4,0
665,O,19.108405,15.233658,31.324505,4,0
666,O,9.565740,0.064244,31.320389,4,0
667,O,10.867398,6.575698,31.336225,4,0
668,O,12.168394,13.082978,31.326940,4,0
669,O,6.534056,17.424517,31.350691,4,0
670,O,3.930079,4.407909,31.352557,4,0
671,O,5.230259,10.914129,31.333913,4,0
672,O,20.916980,15.367278,33.101217,4,0
673,O,18.315434,2.351783,33.098073,4,0
674,O,19.616708,8.860413,33.098526,4,0
675,O,13.977940,13.211800,33.092017,4,0
676,O,11.374874,0.195425,33.085015,4,0
677,O,12.677890,6.699809,33.098176,4,0
678,O,7.040902,11.054410,33.117708,4,0
679,O,8.346366,17.561968,33.117537,4,0
680,O,5.741392,4.544773,33.124255,4,0
681,O,22.489076,16.809171,31.565691,4,0
682,O,19.886096,3.793457,31.556525,4,0
683,O,21.186943,10.304310,31.557661,4,0
684,O,15.547137,14.652294,31.541317,4,0
685,O,12.945786,1.628949,31.524604,4,0
686,O,14.245353,8.138318,31.554864,4,0
687,O,8.610382,12.498334,31.565571,4,0
688,O,9.913209,19.003730,31.562939,4,0
689,O,7.306969,5.988245,31.574694,4,0
690,O,14.932552,0.797276,32.862378,4,0
691,O,16.235805,7.302232,32.875166,4,0
692,O,17.536466,13.813454,32.870932,4,0
693,O,11.900766,18.165234,32.879862,4,0
694,O,9.297042,5.148204,32.885276,4,0
695,O,10.598044,11.657739,32.883388,4,0
696,O,4.957579,15.997958,32.884845,4,0
697,O,2.353484,2.981137,32.884346,4,0
698,O,3.655498,9.490891,32.882197,4,0
699,O,5.053978,15.990186,29.292287,3,0
700,O,2.451613,2.975848,29.291555,3,0
701,O,3.743135,9.489913,29.280401,3,0
702,O,17.628506,13.810328,29.283932,3,0
703,O,15.036532,0.789829,29.285212,3,0
704,O,16.333719,7.296703,29.285068,3,0
705,O,10.689359,11.665628,29.274147,3,0
706,O,11.996981,18.172153,29.233424,3,0
707,O,9.400573,5.157767,29.289026,3,0
708,O,20.095733,13.974918,28.836153,3,0
709,O,17.501009,0.948686,28.877443,3,0
710,O,18.797012,7.459520,28.889502,3,0
711,O,13.154452,11.820117,28.882097,3,0
712,O,14.471030,18.336922,28.837689,3,0
713,O,11.868150,5.315475,28.873722,3,0
714,O,6.217800,9.639832,28.886349,3,0
715,O,7.523596,16.146405,28.893802,3,0
716,O,4.925831,3.134337,28.891675,3,0
717,O,22.312374,15.296843,27.863304,3,0
718,O,19.692084,2.277656,27.840737,3,0
719,O,20.948084,8.791194,27.852917,3,0
720,O,15.309773,13.155276,27.848858,3,0
721,O,12.773685,0.133541,27.792947,3,0
722,O,14.063857,6.632807,27.842795,3,0
723,O,8.369602,11.003906,27.862112,3,0
724,O,9.675582,17.508290,27.849520,3,0
725,O,7.121456,4.486863,27.888092,3,0
726,O,22.386583,14.641626,30.329448,3,0
727,O,19.785431,1.626873,30.324696,3,0
728,O,21.087254,8.134377,30.325096,3,0
729,O,15.444619,12.488235,30.311286,3,0
730,O,16.747262,18.992305,30.276850,3,0
731,O,14.144660,5.974402,30.312693,3,0
732,O,8.511784,10.337282,30.332299,3,0
733,O,9.818016,16.845555,30.322099,3,0
734,O,7.209021,3.826872,30.337436,3,0
735,O,22.077585,18.152747,28.222128,4,0
736,O,19.474869,5.140209,28.201548,4,0
737,O,20.765350,11.649812,28.214364,4,0
738,O,15.132381,16.013324,28.179509,4,0
739,O,12.528163,2.994572,28.189531,4,0
740,O,13.823940,9.500638,28.211355,4,0
741,O,8.191150,13.850792,28.219790,4,0
742,O,5.590622,0.833738,28.209343,4,0
743,O,6.891740,7.348239,28.242218,4,0
744,O,3.096038,11.788042,29.953271,4,0
745,O,4.398496,18.294149,29.968552,4,0
746,O,1.794196,5.277819,29.960180,4,0
747,O,15.676804,9.621387,29.945803,4,0
748,O,16.981041,16.140263,29.934633,4,0
749,O,14.382615,3.117429,29.933102,4,0
750,O,8.744837,7.475250,29.965199,4,0
751,O,10.048516,13.987580,29.948074,4,0
752,O,7.441572,0.959704,29.950629,4,0
753,O,4.662002,13.224605,28.411283,4,0
754,O,2.050279,0.216805,28.438892,4,0
755,O,3.340728,6.746662,28.432513,4,0
756,O,17.217244,11.055941,28.399761,4,0
757,O,18.543559,17.573756,28.378048,4,0
758,O,15.946084,4.546265,28.377244,4,0
759,O,10.293310,8.918505,28.421226,4,0
760,O,11.614327,15.433170,28.385849,4,0
761,O,9.003942,2.408589,28.416988,4,0
762,O,20.501886,16.719971,29.736398,4,0
763,O,17.899735,3.703469,29.728260,4,0
764,O,19.194060,10.214501,29.735028,4,0
765,O,13.563264,14.575305,29.731779,4,0
766,O,10.967381,1.554087,29.725726,4,0
767,O,12.263188,8.061500,29.739499,4,0
768,O,6.621788,12.402383,29.747488,4,0
769,O,7.929149,18.915145,29.750349,4,0
770,O,5.321308,5.900063,29.751540,4,0
771,O,6.725741,12.425697,26.093600,3,0
772,O,8.023292,18.933719,26.148044,3,0
773,O,5.420795,5.897804,26.209105,3,0
774,O,19.301363,10.219715,26.096537,3,0
775,O,20.616639,16.703056,26.144585,3,0
776,O,18.017858,3.717343,26.140593,3,0
777,O,12.390200,8.064606,26.155888,3,0
778,O,13.655475,14.624378,26.085946,3,0
779,O,11.093195,1.560836,26.148043,3,0
780,O,2.276176,10.351600,25.823029,3,0
781,O,3.588248,16.853765,25.764682,3,0
782,O,0.962009,3.838509,25.754753,3,0
783,O,14.859485,8.218198,25.755616,3,0
784,O,16.140469,14.726399,25.757911,3,0
785,O,13.576410,1.752354,25.692353,3,0
786,O,7.916668,6.068374,25.819472,3,0
787,O,9.229942,12.563559,25.816804,3,0
788,O,10.517307,19.084834,25.755545,3,0
789,O,4.312710,11.783300,24.629911,3,0
790,O,5.693759,18.280951,24.730997,3,0
791,O,3.024920,5.257800,24.754728,3,0
792,O,16.966526,9.567897,24.663238,3,0
793,O,18.260862,16.066890,24.653719,3,0
794,O,15.774747,2.987384,24.673863,3,0
795,O,10.042037,7.481520,24.649544,3,0
796,O,11.277950,13.969671,24.653787,3,0
797,O,8.738725,0.983547,24.643728,3,0
798,O,4.593122,11.068406,27.141810,3,0
799,O,5.889581,17.581229,27.193481,3,0
800,O,3.274205,4.571763,27.200887,3,0
801,O,17.162375,8.869140,27.150723,3,0
802,O,18.418154,15.415384,27.168722,3,0
803,O,15.857285,2.344082,27.138237,3,0
804,O,10.225575,6.764091,27.161310,3,0
805,O,11.544263,13.274097,27.144399,3,0
806,O,8.929314,0.266535,27.144672,3,0
807,O,4.265172,14.556314,25.043604,4,0
808,O,1.603344,1.554403,25.085052,4,0
809,O,2.907424,8.063559,25.036498,4,0
810,O,16.785677,12.424328,25.101598,4,0
811,O,18.162844,18.925775,25.042589,3,0
812,O,15.547049,5.885419,25.077703,4,0
813,O,9.912346,10.290926,25.030945,4,0
814,O,11.151877,16.783262,25.035821,4,0
815,O,8.617005,3.778519,25.038745,4,0
816,O,4.749122,8.221331,26.820141,4,0
817,O,6.067731,14.712177,26.826791,4,0
818,O,3.452645,1.698059,26.843621,4,0
819,O,17.387715,6.035443,26.792713,4,0
820,O,18.638295,12.512259,26.803919,4,0
821,O,19.990535,19.038203,26.799955,4,0
822,O,10.402184,3.899696,26.808989,4,0
823,O,11.706655,10.402865,26.805584,4,0
824,O,13.018838,16.927357,26.750916,4,0
825,O,6.333551,9.682271,25.294989,4,0
826,O,7.662625,16.156417,25.299534,4,0
827,O,5.040751,3.136998,25.339200,4,0
828,O,18.928348,7.469388,25.231878,4,0
829,O,20.217031,13.938948,25.327926,4,0
830,O,17.612864,0.902050,25.195809,4,0
831,O,11.976444,5.331005,25.320675,4,0
832,O,13.268248,11.827426,25.274969,4,0
833,O,14.612386,18.419596,25.235534,4,0
834,O,2.682151,13.129681,26.613474,4,0
835,O,0.040895,0.119014,26.610848,4,0
836,O,1.349440,6.632202,26.607578,4,0
837,O,15.225947,10.984856,26.604675,4,0
838,O,16.555021,17.497980,26.551667,4,0
839,O,13.966278,4.453363,26.591609,4,0
840,O,8.329145,8.845703,26.614917,4,0
841,O,9.629550,15.338300,26.618084,4,0
842,O,7.035567,2.328771,26.615771,4,0
843,O,8.450824,8.927123,22.872496,3,0
844,O,9.784895,15.412365,22.625533,3,0
845,O,7.183655,2.403948,22.951921,3,0
846,O,1.481229,6.661749,22.561192,3,0
847,O,2.804730,13.267490,22.360487,4,1
848,O,0.223293,0.192832,22.754977,3,0
849,O,14.111621,4.417710,23.072608,3,0
850,O,15.379163,11.051742,22.940021,3,0
851,O,16.659561,17.509362,22.617802,3,0
852,O,3.923949,6.821750,22.735517,3,0
853,O,5.260588,13.272833,22.551222,3,0
854,O,2.662918,0.457342,22.493348,3,0
855,O,16.596126,4.522244,22.621639,3,0
856,O,17.837964,11.251171,22.491800,3,0
857,O,19.113519,17.583270,22.478864,3,0
858,O,9.470661,2.608568,22.034139,4,1
859,O,10.822081,9.175807,22.277547,3,0
860,O,12.228611,15.505035,22.627297,3,0
861,O,6.089859,8.063570,21.713741,2,0
862,O,7.316840,14.588414,21.638506,2,0
863,O,5.078396,1.639727,21.599737,3,1
864,O,18.546829,6.007715,21.553289,3,1
865,O,20.129821,12.466554,21.578968,3,1
866,O,21.381056,18.704244,21.522175,3,1
867,O,11.792757,3.959275,21.643908,2,0
868,O,13.176556,10.268879,21.560442,3,1
869,O,14.072400,17.130883,21.619783,3,1
870,O,6.239140,7.485800,24.172691,3,0
871,O,7.679517,13.984422,24.054713,3,0
872,O,4.939690,0.957669,24.056656,3,0
873,O,18.955678,5.268939,23.941385,3,0
874,O,20.312655,11.719694,24.004659,3,0
875,O,21.470436,18.229030,24.019019,3,0
876,O,11.742100,3.124146,24.048904,3,0
877,O,13.108541,9.650193,24.028263,3,0
878,O,14.632987,16.222024,23.947394,3,0
879,O,5.890549,10.929268,21.971399,3,0
880,O,7.121206,17.588279,22.008127,3,0
881,O,4.637667,4.556265,22.172551,3,0
882,O,18.440549,8.866021,22.017483,3,0
883,O,19.785876,15.228182,22.163375,3,0
884,O,17.312866,2.160131,21.765021,4,1
885,O,11.593867,6.773223,22.157766,3,0
886,O,13.024315,13.216880,21.878432,4,1
887,O,10.226651,0.340223,22.158324,3,0
888,O,6.498057,4.623456,23.808405,4,0
889,O,7.797484,11.183955,23.726313,4,0
890,O,9.068010,17.635493,23.670168,4,0
891,O,18.988590,2.414638,23.665163,4,0
892,O,20.368541,8.925517,23.654622,4,0
893,O,21.719307,15.295583,23.745092,4,0
894,O,12.293974,0.328694,23.538629,4,0
895,O,13.477800,6.755930,23.719607,4,0
896,O,14.661914,13.326398,23.738466,4,0
897,O,7.961099,5.908128,22.151768,3,0
898,O,9.360957,12.556759,22.046884,3,0
899,O,10.626545,18.944268,22.158706,3,0
900,O,1.145476,3.764809,22.165920,3,0
901,O,2.384360,10.144413,21.847230,4,1
902,O,3.806896,16.792547,22.364525,3,0
903,O,13.718698,1.898063,21.848579,4,1
904,O,14.936385,8.202928,22.364044,3,0
905,O,16.264737,14.519490,22.156332,3,0
906,O,4.296797,9.577420,23.489913,4,0
907,O,5.768865,16.010034,23.586781,4,0
908,O,3.103179,3.038224,23.587058,4,0
909,O,16.979148,7.306069,23.463333,4,0
910,O,18.275920,13.805757,23.544050,4,0
911,O,15.621836,0.849664,23.343612,4,0
912,O,10.002591,5.275479,23.475419,4,0
913,O,11.358802,11.800435,23.461142,4,0
914,O,12.613742,18.284839,23.535984,4,0
